embedding,Cox-strat,Coxnet,RSF,GB-Surv,XGB-Cox,DeepSurv,Stack
cAE-PCA32 + Clinical,0.560522,0.647193,0.639295,0.631906,0.632336,0.653335,0.653732
Raw scGPT-PCA32 + Clinical,0.5645,0.649233,0.638746,0.634228,0.631504,0.651222,0.652937
cAE-full + Clinical,,0.654141,0.631817,0.632219,0.637154,0.661588,0.655209
