Feature set,Best survival model,Internal CV C-index,Internal CV C-index std,Best response model,Internal CV ROC-AUC,Internal CV ROC-AUC std,PUB_BLCA AUC (best clf),PUB_ccRCC_ICI AUC,PUB_ccRCC_TKI AUC
cAE-PCA32 + Clinical,Stack,0.653732359033072,0.009106808307336121,Stack,0.6302453157612894,0.022662501252355693,,,
Raw scGPT-PCA32 + Clinical,Stack,0.6529372417618278,0.010077578004644035,Stack,0.6249435507539627,0.02709015174892699,,,
cAE-full + Clinical,DeepSurv,0.6615880440768974,0.012328428599178178,Stack,0.6200913892676945,0.01894207049090999,,,
