feature_set,best_surv_model,cv_cindex,cv_cindex_std,best_resp_model,cv_auc,cv_auc_std,PUB_BLCA_AUC,PUB_ccRCC_ICI_AUC,PUB_ccRCC_TKI_AUC
cAE-PCA32 + Clinical,Stack,0.653732359033072,0.0091068083073361,Stack,0.6302453157612894,0.0226625012523556,0.6248800109704256,0.9612315240342816,0.510006497725796
cAE-full + Clinical,DeepSurv,0.6615880440768974,0.0123284285991781,Stack,0.6200913892676945,0.0189420704909099,0.6248800109704256,0.9612315240342816,0.510006497725796
Raw scGPT-PCA32 + Clinical,Stack,0.6529372417618278,0.010077578004644,Stack,0.6249435507539627,0.0270901517489269,0.5973396718014352,0.8774996894795677,0.5446610353043101
